<?xml version="1.0" encoding="UTF-8"?>
<project-private xmlns="http://www.netbeans.org/ns/project-private/1">
    <editor-bookmarks xmlns="http://www.netbeans.org/ns/editor-bookmarks/2" lastBookmarkId="0"/>
    <open-files xmlns="http://www.netbeans.org/ns/projectui-open-files/2">
        <group>
            <file>file:/E:/GitHub/trabalhos-sistemas-ifsertaope-salgueiro/4-periodo/estrutura-de-dados/lista-de-exercicios-01/avaliacao01/src/avaliacao01/Avaliacao01.java</file>
            <file>file:/E:/GitHub/trabalhos-sistemas-ifsertaope-salgueiro/4-periodo/estrutura-de-dados/lista-de-exercicios-01/avaliacao01/src/avaliacao01/Vetor.java</file>
        </group>
    </open-files>
</project-private>
